datetime,first_name,last_name,email,gender,street_address
8/1/2020,,Gilmour,agilmour0@ovh.net,Non-binary,213 Red Cloud Park
3/17/2020,Papageno,Lamkin,plamkin1@yolasite.com,Genderfluid,6933 Kensington Road
11/18/2020,Kaylil,,,Male,
11/28/2020,Arleyne,,,Genderfluid,
6/27/2020,Allissa,Pingston,apingston4@reverbnation.com,Polygender,4 Hollow Ridge Trail
1/7/2021,Avivah,Losano,alosano5@time.com,Male,557 Carberry Park
5/1/2020,Harmonia,Copp,hcopp6@digg.com,Polygender,548 Carey Pass
10/13/2020,Jules,Winspar,jwinspar7@nydailynews.com,Female,85 Atwood Circle
2/20/2020,Leon,,,Genderqueer,
1/3/2021,Myca,Mallett,mmallett9@4shared.com,Agender,86 Northview Place
12/31/2020,Bruce,Bosma,bbosmaa@so-net.ne.jp,Genderfluid,3 Moland Point
,Richart,Rambaut,rrambautb@exblog.jp,Male,411 Tomscot Avenue
9/27/2020,Bowie,Tripney,btripneyc@baidu.com,Non-binary,0908 Scoville Circle
1/8/2021,Shana,Kynastone,skynastoned@rakuten.co.jp,Female,2373 Monterey Trail
12/22/2020,Kristien,Dumbleton,kdumbletone@cafepress.com,Bigender,66 Manley Street
1/1/2021,Wilbert,Maty,wmatyf@japanpost.jp,Genderfluid,60 Nancy Circle
8/15/2020,Jessi,McLeman,jmclemang@phpbb.com,Male,33012 Oneill Court
4/15/2020,Jessie,,,Female,
3/14/2020,Claudetta,Swinnard,cswinnardi@toplist.cz,Genderqueer,902 Summer Ridge Place
8/19/2020,Hanny,Giacovetti,hgiacovettij@usda.gov,Non-binary,4 Jana Trail
9/8/2020,Rebekkah,Moretto,rmorettok@washingtonpost.com,Non-binary,59556 Schmedeman Way
1/31/2020,Papagena,Mix,pmixl@elpais.com,Polygender,6276 Hollow Ridge Avenue
9/23/2020,Hersh,Doward,hdowardm@nasa.gov,Polygender,540 Debra Road
,Ethelyn,,,Genderfluid,
4/24/2020,Glennie,Dixcey,gdixceyo@slate.com,Non-binary,1 Muir Junction
11/27/2020,Teodorico,Gooderidge,tgooderidgep@techcrunch.com,Non-binary,9 Bunting Way
1/2/2020,Arty,Meekings,ameekingsq@fda.gov,Genderfluid,554 Saint Paul Avenue
6/7/2020,Freeman,,,Genderfluid,
8/30/2020,Stormy,,,Polygender,
10/8/2020,Gussi,Pagden,gpagdent@barnesandnoble.com,Non-binary,9491 Old Gate Terrace
2/17/2020,Dall,Husselbee,dhusselbeeu@gizmodo.com,Polygender,26145 Straubel Court
12/19/2020,Elias,Codner,ecodnerv@wordpress.org,Male,01 Elka Park
,Heather,,,Polygender,
6/28/2020,Sheryl,Normansell,snormansellx@nih.gov,Genderfluid,381 Hovde Avenue
1/4/2021,Bonni,,,Genderfluid,
7/23/2020,Yelena,Allright,yallrightz@accuweather.com,Non-binary,9 Jackson Alley
7/19/2020,Astra,,,Non-binary,
5/14/2020,Ysabel,Garrett,ygarrett11@elpais.com,,1536 Oakridge Court
7/5/2020,Blithe,,,Agender,
1/5/2021,Phylis,Seabridge,pseabridge13@joomla.org,Genderqueer,340 Pennsylvania Place
10/1/2020,,Flag,rflag14@who.int,,83225 Warner Circle
1/10/2020,Reinwald,Ramm,rramm15@businesswire.com,Bigender,2 Oneill Hill
10/11/2020,Corina,Meere,cmeere16@mayoclinic.com,Female,4989 Becker Court
4/26/2020,Anna-diana,,,Bigender,
3/31/2020,Fran,,,Polygender,
9/14/2020,Milty,Altamirano,maltamirano19@rakuten.co.jp,Female,58734 Sherman Trail
8/7/2020,Essa,Thunnerclef,ethunnerclef1a@cmu.edu,Agender,9107 Sunfield Crossing
5/10/2020,Constancia,Padula,cpadula1b@ca.gov,,244 Pennsylvania Plaza
3/16/2020,Giustina,de Aguirre,gdeaguirre1c@vk.com,Male,70 North Trail
1/30/2020,Vern,Taffrey,vtaffrey1d@wix.com,,73812 Manley Road
10/26/2020,Quintilla,Beentjes,qbeentjes1e@instagram.com,Female,1202 Prentice Place
3/4/2020,Barbe,Degoix,bdegoix1f@yandex.ru,Genderqueer,548 Heffernan Avenue
12/24/2020,Lena,Erlam,lerlam1g@unesco.org,Agender,2 Hovde Park
3/2/2020,Faunie,Worledge,fworledge1h@psu.edu,Genderfluid,619 Tennessee Pass
9/1/2020,Merrile,Dugan,mdugan1i@yolasite.com,Agender,718 Jenna Circle
1/25/2020,Boris,Jeffers,bjeffers1j@cornell.edu,Agender,85738 Rutledge Terrace
4/3/2020,Margot,Keam,mkeam1k@cam.ac.uk,Genderqueer,6 Waywood Lane
10/6/2020,Klemens,Dalyell,kdalyell1l@ca.gov,Male,086 Morningstar Road
,Kristina,Fitzpatrick,kfitzpatrick1m@weibo.com,Genderqueer,41 Reinke Trail
6/5/2020,Vaclav,Beeze,vbeeze1n@disqus.com,Polygender,6 East Trail
5/15/2020,Tatiania,Lenton,tlenton1o@prweb.com,Polygender,3317 Garrison Center
7/22/2020,Sibley,Foux,sfoux1p@1688.com,Non-binary,60665 Arizona Terrace
6/8/2020,Bruis,Pilkinton,bpilkinton1q@comsenz.com,Bigender,8 Linden Trail
1/7/2021,Siouxie,Swales,sswales1r@nytimes.com,Non-binary,1 Pankratz Way
4/26/2020,Agnesse,Naile,anaile1s@weibo.com,Genderfluid,102 Kings Junction
1/4/2021,Rodd,Demko,rdemko1t@tripadvisor.com,Polygender,678 Glendale Lane
7/29/2020,Renado,Vial,rvial1u@desdev.cn,Non-binary,82 Jay Place
5/27/2020,Ephraim,,,Polygender,
7/21/2020,Fairfax,,,Polygender,
4/25/2020,Buddie,,,Agender,
4/29/2020,Cristian,Schubbert,cschubbert1y@cocolog-nifty.com,Genderqueer,679 Johnson Point
7/15/2020,Leonhard,,,Genderqueer,
3/12/2020,Cristina,Roget,croget20@npr.org,,20 Nova Plaza
10/27/2020,Davon,Terbrugge,dterbrugge21@spiegel.de,Genderfluid,5850 Maryland Park
8/16/2020,Adelle,Menhenitt,amenhenitt22@alibaba.com,Genderqueer,198 Banding Alley
6/22/2020,Nina,Dederick,ndederick23@mit.edu,Genderqueer,35870 Heffernan Point
10/23/2020,Kalil,Mollen,kmollen24@etsy.com,Genderfluid,81 Logan Crossing
12/6/2020,Joey,D'eath,jdeath25@mozilla.com,Genderfluid,48272 Sullivan Pass
3/18/2020,Anderson,Prescott,aprescott26@mediafire.com,Genderfluid,8 Fremont Terrace
8/30/2020,Eldredge,Pester,epester27@icio.us,Genderqueer,34351 Jackson Drive
11/14/2020,Sena,Elsmore,selsmore28@wordpress.org,Non-binary,68026 Lyons Avenue
11/12/2020,Gavra,Davidy,gdavidy29@whitehouse.gov,,6 Novick Terrace
4/20/2020,Shea,,,Non-binary,
2/28/2020,Ezra,Clawley,eclawley2b@a8.net,Polygender,768 Loftsgordon Street
1/19/2021,Claretta,Krzyzowski,ckrzyzowski2c@tripod.com,Bigender,91 Shopko Crossing
1/29/2020,Millicent,,,Genderqueer,
4/1/2020,Ervin,Guisby,eguisby2e@dailymail.co.uk,Bigender,10067 Grasskamp Court
8/29/2020,Consuelo,Buncom,cbuncom2f@de.vu,Female,181 Bartelt Circle
,Janette,,,,
12/16/2020,Joshia,Hakewell,jhakewell2h@instagram.com,Genderqueer,880 Cordelia Plaza
12/6/2020,Burnard,Stillert,bstillert2i@huffingtonpost.com,Non-binary,65 Loomis Place
10/17/2020,Mirabel,,,,
9/8/2020,Kissiah,,,Non-binary,
2/5/2020,Clovis,Pressdee,cpressdee2l@techcrunch.com,Genderfluid,35 Ronald Regan Circle
7/28/2020,Marvin,,,Non-binary,
2/29/2020,Haily,Flacknoe,hflacknoe2n@github.com,Polygender,2 Morning Way
3/1/2020,Kaylil,Incogna,kincogna2o@blogs.com,Female,6 Ruskin Point
10/6/2020,Ellen,Krout,ekrout2p@g.co,Bigender,8 Granby Point
6/9/2020,Teodoor,Sackey,tsackey2q@thetimes.co.uk,Genderfluid,8392 Corry Crossing
8/28/2020,Grantham,Janicijevic,gjanicijevic2r@gov.uk,Female,1 Sheridan Parkway
4/29/2020,Martynne,Collcutt,mcollcutt2s@ucoz.ru,Bigender,8415 7th Lane
5/21/2020,Arv,Vockins,avockins2t@hatena.ne.jp,Agender,28597 David Avenue
2/9/2020,Cos,Stenyng,cstenyng2u@webeden.co.uk,,33301 Elka Way
9/6/2020,Ariadne,,,Non-binary,
1/18/2020,Piggy,,,,
12/31/2020,Gannon,Medd,gmedd2x@ibm.com,Non-binary,56927 Stang Hill
1/28/2021,Isa,Gallaher,igallaher2y@addthis.com,Male,574 Loomis Road
6/17/2020,Gwyneth,Stoate,gstoate2z@sogou.com,Agender,7234 International Place
3/24/2020,Tab,Duncanson,tduncanson30@tripadvisor.com,Male,1301 Cordelia Drive
9/7/2020,Franklin,Hughs,fhughs31@netvibes.com,Genderqueer,2 Ramsey Crossing
9/28/2020,Jamie,Alcido,jalcido32@prlog.org,Bigender,9 Florence Terrace
2/16/2020,Edna,,,Bigender,
4/18/2020,Mervin,Weatherby,mweatherby34@qq.com,Genderfluid,050 Hermina Trail
8/20/2020,Grace,,,Non-binary,
3/15/2020,Marinna,Fido,mfido36@google.co.jp,,2430 Crownhardt Point
1/27/2020,Rachele,Ferreiro,rferreiro37@over-blog.com,Non-binary,0338 Scott Plaza
6/22/2020,Janean,Strongman,jstrongman38@tuttocitta.it,Bigender,6983 Vidon Alley
12/12/2020,Eugene,Huby,ehuby39@mozilla.com,Genderfluid,2858 Badeau Drive
12/9/2020,Else,Fidock,efidock3a@techcrunch.com,Male,14 Moulton Pass
1/17/2020,Tiler,Sonner,tsonner3b@bluehost.com,Genderfluid,060 Susan Crossing
2/27/2020,Annecorinne,Muggleton,amuggleton3c@jimdo.com,Genderqueer,330 Farwell Place
10/25/2020,Aimee,Lejeune,alejeune3d@smh.com.au,Genderqueer,04 Hovde Place
5/30/2020,Denna,,,Male,
,Geoffrey,Beatey,gbeatey3f@deliciousdays.com,Male,864 Spenser Road
12/12/2020,Nessie,Kinmond,nkinmond3g@123-reg.co.uk,Female,8 Northland Point
12/30/2020,Rowney,,,Polygender,
1/15/2021,Alex,Caroll,acaroll3i@ebay.com,Non-binary,7 Springview Street
7/22/2020,Etan,Niezen,eniezen3j@google.it,Bigender,443 Hooker Center
9/10/2020,George,Berndtssen,gberndtssen3k@whitehouse.gov,Male,65866 Cambridge Terrace
6/7/2020,Kathy,,,Polygender,
1/18/2021,Borg,Bettam,bbettam3m@icq.com,Polygender,42990 Aberg Point
9/1/2020,Hubey,Leppington,hleppington3n@unesco.org,Genderqueer,526 Red Cloud Circle
12/25/2020,Jocelyne,Lukins,jlukins3o@moonfruit.com,Bigender,0333 Nevada Trail
6/2/2020,Marita,Raddon,mraddon3p@alibaba.com,Non-binary,1309 Sunbrook Hill
5/3/2020,Ali,Phidgin,aphidgin3q@guardian.co.uk,Female,3153 Bowman Road
6/23/2020,Dalis,Jaouen,djaouen3r@techcrunch.com,Female,492 Sundown Hill
11/24/2020,Krishnah,Omond,komond3s@bigcartel.com,Female,3 Mockingbird Point
1/24/2020,Hildy,Giffen,hgiffen3t@altervista.org,Male,24732 Pawling Avenue
2/11/2020,Evey,Akred,eakred3u@com.com,Bigender,66659 Sachtjen Circle
1/4/2021,Crystie,Brehaut,cbrehaut3v@dot.gov,Agender,7888 Melby Hill
1/20/2021,Elijah,Dalling,edalling3w@samsung.com,Non-binary,7 Weeping Birch Parkway
3/5/2020,Matthiew,Sherwen,msherwen3x@uol.com.br,,4 Green Street
5/6/2020,Elene,,,Bigender,
4/17/2020,Dodi,Bonome,dbonome3z@netlog.com,Genderqueer,9 Ridgeway Street
10/7/2020,Trude,Maybey,tmaybey40@dot.gov,Genderqueer,04 Jenna Lane
5/20/2020,Pascal,,,Genderqueer,
5/28/2020,Edeline,Thornborrow,ethornborrow42@issuu.com,Bigender,41 Redwing Street
2/5/2020,Alexandrina,Barhems,abarhems43@reverbnation.com,Female,76 Eggendart Parkway
,Diane-marie,Reims,dreims44@edublogs.org,Genderqueer,36 Corscot Hill
6/4/2020,Adriano,Trevance,atrevance45@csmonitor.com,Female,4899 Dottie Junction
11/7/2020,Hunter,,,,
2/14/2020,Cyrus,Ortsmann,cortsmann47@mit.edu,Male,2 Londonderry Pass
11/8/2020,Peggi,Rubinivitz,prubinivitz48@i2i.jp,Non-binary,6425 Pepper Wood Place
12/23/2020,Aland,Lishmund,alishmund49@flickr.com,Bigender,55897 Jenifer Place
10/5/2020,Yevette,Tonna,ytonna4a@blogspot.com,Polygender,912 Barnett Trail
,Antonin,Rhyme,arhyme4b@linkedin.com,Agender,82 Drewry Alley
11/30/2020,Ivy,,,Polygender,
6/27/2020,Isaac,Sickert,isickert4d@usda.gov,Genderfluid,2186 Ridgeview Plaza
7/6/2020,Kristyn,Twigg,ktwigg4e@booking.com,Bigender,1 Declaration Avenue
9/11/2020,Augy,Grenshields,agrenshields4f@ed.gov,Genderqueer,15401 Cherokee Circle
1/4/2020,Pauline,,,Agender,
5/9/2020,Rosanne,,,Genderfluid,
5/25/2020,Gerard,Speak,gspeak4i@answers.com,Genderqueer,8033 Steensland Lane
9/5/2020,Wallie,,,,
8/13/2020,Diane-marie,Mathouse,dmathouse4k@devhub.com,Polygender,24 New Castle Road
6/30/2020,Gustav,Townson,gtownson4l@php.net,Bigender,51 Bayside Court
1/10/2021,Courtney,Chansonne,cchansonne4m@plala.or.jp,,534 Debra Pass
4/1/2020,Brittne,Blum,bblum4n@php.net,Male,69856 Drewry Road
2/11/2020,Ruperta,Blundel,rblundel4o@wunderground.com,Genderfluid,2996 Vahlen Terrace
11/26/2020,Ford,Menezes,fmenezes4p@w3.org,Non-binary,28 6th Hill
12/17/2020,Enrica,Hince,ehince4q@nydailynews.com,Female,5624 Buell Way
10/29/2020,Emilio,Stonhard,estonhard4r@sohu.com,Non-binary,51267 Fordem Place
6/18/2020,Sheffield,Alexsandrovich,salexsandrovich4s@dmoz.org,,2 Shelley Place
1/1/2020,Ettie,Fairburne,efairburne4t@delicious.com,Polygender,03073 Blaine Crossing
11/25/2020,Llywellyn,Sullly,lsullly4u@pcworld.com,Genderfluid,74 Butternut Court
8/4/2020,,,,,
1/2/2021,Neile,Swatman,nswatman4w@archive.org,,899 Shasta Hill
1/25/2020,Margarethe,Meechan,mmeechan4x@slate.com,Agender,0792 Pine View Avenue
5/5/2020,Gonzales,Boich,gboich4y@networksolutions.com,Female,41998 Trailsway Court
5/19/2020,Dieter,Revill,drevill4z@cisco.com,Bigender,6 Acker Parkway
1/9/2020,Katey,Callander,kcallander50@wikispaces.com,Genderfluid,9567 Muir Alley
7/11/2020,Moise,Biaggioli,mbiaggioli51@ftc.gov,Genderfluid,9 Westerfield Pass
9/13/2020,Jenn,Insley,jinsley52@guardian.co.uk,Male,1083 Nancy Drive
6/15/2020,Brooks,Colclough,bcolclough53@indiegogo.com,Male,71 Hanson Junction
11/25/2020,Shara,Cowser,scowser54@ebay.com,Genderqueer,18307 Washington Crossing
9/24/2020,Leola,Burley,lburley55@youtube.com,Genderfluid,7879 Myrtle Place
1/14/2020,Stephanie,Pitkaithly,spitkaithly56@de.vu,Agender,23 Goodland Trail
8/4/2020,Igor,Tatnell,itatnell57@thetimes.co.uk,Genderqueer,98 Village Terrace
12/23/2020,Lilith,Dives,ldives58@lycos.com,Non-binary,17293 Beilfuss Way
9/7/2020,Cyndi,Dearnley,cdearnley59@tinyurl.com,Genderqueer,06190 Butterfield Point
8/17/2020,Rheba,Trelease,rtrelease5a@mlb.com,Bigender,6 Sherman Center
1/16/2020,Mikol,,,Non-binary,
11/6/2020,Erda,,,Bigender,
5/22/2020,Annaliese,Jebb,ajebb5d@buzzfeed.com,Non-binary,3 Prairie Rose Way
,Bibbye,Trighton,btrighton5e@issuu.com,Agender,7941 Mallard Parkway
4/5/2020,Gerrilee,Hoonahan,ghoonahan5f@ocn.ne.jp,Bigender,9183 La Follette Point
1/16/2020,Starla,Pollastro,spollastro5g@tumblr.com,Genderfluid,073 Clyde Gallagher Plaza
12/21/2020,Quint,Tyrone,qtyrone5h@boston.com,Genderqueer,8 2nd Center
,Katie,,,Female,
7/17/2020,Kev,,,Non-binary,
1/24/2020,Wandis,Solland,wsolland5k@pagesperso-orange.fr,,1 Steensland Drive
12/22/2020,Lindsey,Hazelby,lhazelby5l@chron.com,,147 Canary Point
5/10/2020,Caz,,,Polygender,
10/21/2020,Novelia,,,Bigender,
8/1/2020,Mirabelle,Battin,mbattin5o@youtube.com,Polygender,1 Pine View Street
8/20/2020,Sonny,Paaso,spaaso5p@behance.net,Genderqueer,6016 Spenser Drive
11/20/2020,Jaquelin,,,Agender,
12/16/2020,Vergil,,,Non-binary,
3/29/2020,Guinevere,Chater,gchater5s@meetup.com,Polygender,40695 Toban Hill
12/20/2020,Nevins,Jaher,njaher5t@stumbleupon.com,Genderqueer,6 Brickson Park Street
1/2/2020,Fulton,Batram,fbatram5u@sphinn.com,Non-binary,883 Grayhawk Pass
5/15/2020,Natala,Farnsworth,nfarnsworth5v@ocn.ne.jp,Non-binary,5126 Mccormick Point
4/14/2020,Kerr,Johnsey,kjohnsey5w@vistaprint.com,Polygender,17 Loomis Center
11/4/2020,Gunther,MacDunlevy,gmacdunlevy5x@statcounter.com,Male,73857 Waywood Pass
1/12/2021,Renie,Spur,rspur5y@ucoz.com,Polygender,4032 Sauthoff Parkway
4/22/2020,Murdoch,Punyer,mpunyer5z@discuz.net,Female,125 Pennsylvania Street
6/18/2020,Juanita,Giffen,jgiffen60@yale.edu,Bigender,47 Artisan Parkway
3/10/2020,Dacie,Dominguez,ddominguez61@ow.ly,Male,71 Sachs Pass
9/23/2020,Rene,Baudinelli,rbaudinelli62@ca.gov,Male,7 Cherokee Parkway
2/19/2020,Abigail,Matczak,amatczak63@drupal.org,Male,79 Shoshone Junction
1/18/2020,Townie,McKeag,tmckeag64@narod.ru,Bigender,31500 Comanche Terrace
3/2/2020,Golda,Kopacek,gkopacek65@boston.com,,5481 Farmco Junction
7/18/2020,Elnora,Fleckness,efleckness66@topsy.com,Polygender,2118 New Castle Terrace
6/18/2020,,Monahan,amonahan67@ameblo.jp,Polygender,88 Oak Junction
9/28/2020,Tab,Giovanitti,tgiovanitti68@techcrunch.com,Genderqueer,663 Mesta Hill
5/30/2020,Maje,Farryan,mfarryan69@alexa.com,Male,915 Southridge Circle
1/6/2020,Eyde,,,Non-binary,
6/26/2020,Esme,Burston,eburston6b@etsy.com,Non-binary,1641 Fieldstone Street
1/14/2020,Kiel,,,Female,
5/7/2020,Zollie,Sallings,zsallings6d@amazon.co.jp,Non-binary,5208 Shasta Point
6/21/2020,Shane,,,Polygender,
7/13/2020,Susanne,Tookey,stookey6f@tinyurl.com,Male,53 Kropf Place
12/16/2020,Kendre,Willavize,kwillavize6g@usgs.gov,Genderfluid,4619 Loomis Way
8/7/2020,Den,Cardew,dcardew6h@mashable.com,Male,22 Beilfuss Hill
4/15/2020,Terri-jo,Adie,tadie6i@shinystat.com,Genderqueer,488 Mallory Trail
10/9/2020,Dorian,Shillington,dshillington6j@baidu.com,Bigender,13 Village Green Drive
1/23/2021,Franciskus,Morfell,fmorfell6k@edublogs.org,Non-binary,9 Sunnyside Center
,Heloise,Dinneges,hdinneges6l@blogtalkradio.com,Male,8 4th Place
6/14/2020,Delilah,Gilby,dgilby6m@prweb.com,Male,8186 Hoard Parkway
12/12/2020,Donna,Demaine,ddemaine6n@slate.com,Genderqueer,24 Bartillon Hill
10/14/2020,Crawford,Mundie,cmundie6o@virginia.edu,Bigender,97266 Northview Terrace
2/12/2020,Megen,Gun,mgun6p@gov.uk,Male,368 Anderson Lane
2/24/2020,,Haily,jhaily6q@census.gov,Bigender,170 Saint Paul Point
7/5/2020,Wyatan,Adnams,wadnams6r@elpais.com,Genderqueer,267 Barby Avenue
5/23/2020,,,,Genderfluid,
12/20/2020,Fred,Long,flong6t@loc.gov,Polygender,74 Eagan Crossing
1/1/2021,Austine,Mallindine,amallindine6u@yolasite.com,Genderfluid,93602 Leroy Terrace
1/16/2021,Arleta,,,Male,
6/19/2020,,Yurkin,syurkin6w@fc2.com,Genderfluid,0 Menomonie Lane
12/12/2020,Cyndi,,,,
,Emalia,Meneo,emeneo6y@google.ru,Male,3 Fisk Terrace
7/26/2020,Kat,Fenners,kfenners6z@noaa.gov,,5 Sage Crossing
2/14/2020,Kenn,,,Non-binary,
5/7/2020,Gleda,Bumphries,gbumphries71@businesswire.com,Male,1 Pankratz Lane
9/28/2020,Silvester,Lawrinson,slawrinson72@studiopress.com,Bigender,23 Darwin Plaza
12/6/2020,Kinsley,Eilers,keilers73@time.com,,97 Paget Terrace
5/28/2020,Gay,Derrick,gderrick74@smugmug.com,Bigender,43857 Arkansas Drive
5/9/2020,Hart,Eadon,headon75@sciencedaily.com,Bigender,78910 Elgar Terrace
11/23/2020,Abrahan,Blasgen,ablasgen76@furl.net,Polygender,4 Manitowish Place
2/9/2020,Aurie,,,Male,
7/18/2020,Archie,,,Non-binary,
11/11/2020,Millie,,,Agender,
3/7/2020,Bren,,,Genderqueer,
12/7/2020,Cass,,,Polygender,
9/6/2020,Dari,Fildes,dfildes7c@nih.gov,,018 Northport Trail
2/10/2020,Aigneis,Scase,ascase7d@barnesandnoble.com,,45 Merchant Trail
7/6/2020,Jeffy,Checchetelli,jchecchetelli7e@cpanel.net,Genderqueer,693 Clove Avenue
11/29/2020,Skip,,,Genderfluid,
4/27/2020,Linda,Costley,lcostley7g@aboutads.info,Genderfluid,754 Ryan Terrace
6/3/2020,Darlleen,Topham,dtopham7h@altervista.org,Agender,33 Randy Plaza
3/10/2020,Carson,Harriott,charriott7i@vkontakte.ru,Bigender,2274 Raven Point
3/22/2020,Violette,Beacon,vbeacon7j@wix.com,,69241 2nd Plaza
4/7/2020,Shanta,,,Genderqueer,
7/16/2020,Niki,,,Bigender,
10/9/2020,Josh,Fresson,jfresson7m@nytimes.com,Female,51 Prairie Rose Road
10/21/2020,Bunni,Duffet,bduffet7n@youtube.com,Bigender,58672 Linden Terrace
8/18/2020,Darelle,Devo,ddevo7o@alibaba.com,Bigender,07391 Center Street
5/21/2020,Mohammed,,,Male,
8/28/2020,Mariana,,,Bigender,
11/2/2020,Miguel,Loxly,mloxly7r@unblog.fr,Female,69320 Sullivan Court
5/31/2020,Dael,,,Agender,
8/15/2020,Birdie,,,Agender,
8/3/2020,Rawley,Gook,rgook7u@flavors.me,Agender,64 6th Circle
11/14/2020,Henriette,Canepe,hcanepe7v@hatena.ne.jp,Agender,97 Park Meadow Alley
12/23/2020,Buiron,Macconaghy,bmacconaghy7w@xing.com,Genderfluid,7728 Hoffman Road
1/8/2021,Anallese,,,Male,
1/25/2020,,Tilburn,ttilburn7y@symantec.com,Agender,35 Pleasure Plaza
7/17/2020,Isabelle,Colbourne,icolbourne7z@cnet.com,Agender,51365 Manufacturers Plaza
9/13/2020,Fulton,Breitling,fbreitling80@nationalgeographic.com,Female,475 Packers Drive
5/17/2020,Almira,Anney,aanney81@bloomberg.com,Polygender,82576 Hauk Plaza
6/26/2020,Corrinne,Colqueran,ccolqueran82@wufoo.com,Polygender,2268 Caliangt Road
8/29/2020,Bevon,Brunelleschi,bbrunelleschi83@desdev.cn,Polygender,638 Huxley Parkway
6/20/2020,Dael,Labusch,dlabusch84@upenn.edu,Polygender,38 American Ash Lane
6/29/2020,Wenona,O'Fairy,wofairy85@homestead.com,Genderqueer,0 Norway Maple Place
1/30/2020,Michaeline,Larkings,mlarkings86@usgs.gov,Agender,355 Center Way
3/27/2020,Drusi,Beuscher,dbeuscher87@cbc.ca,Female,45 Spohn Trail
6/26/2020,Tamarah,Rayhill,trayhill88@nbcnews.com,Female,04212 Bluejay Point
7/12/2020,Renado,Waddilow,rwaddilow89@wired.com,Genderfluid,136 Maryland Drive
3/7/2020,Trenna,M'Quharge,tmquharge8a@accuweather.com,Non-binary,56 Gina Lane
11/7/2020,Jeanelle,,,Agender,
1/15/2021,Paxton,Musk,pmusk8c@jugem.jp,Bigender,2 Truax Road
3/21/2020,Shawn,,,Male,
,Clary,Garrity,cgarrity8e@unblog.fr,Bigender,77 Erie Park
,Gleda,Cookson,gcookson8f@paypal.com,Genderfluid,03 Red Cloud Court
1/14/2021,Nickie,,,Bigender,
3/24/2020,Susana,Bisiker,sbisiker8h@meetup.com,Polygender,6476 Debs Avenue
12/21/2020,Miguel,,,Non-binary,
6/15/2020,Wang,Giacopello,wgiacopello8j@oracle.com,Agender,14 Paget Crossing
,Major,Jendrassik,mjendrassik8k@deviantart.com,Bigender,79243 Bashford Circle
12/23/2020,Marylynne,Cerie,mcerie8l@narod.ru,Bigender,48 8th Court
,Diego,Nordass,dnordass8m@youku.com,Genderqueer,5289 Northwestern Hill
10/9/2020,Val,,,Genderfluid,
2/29/2020,Nate,Adami,nadami8o@mozilla.com,Genderqueer,7495 Meadow Ridge Hill
9/10/2020,Rozamond,Weeke,rweeke8p@dell.com,Genderqueer,0263 Homewood Junction
6/26/2020,Bella,Iskowitz,biskowitz8q@jimdo.com,Male,1 Daystar Way
8/22/2020,Kellia,Clarke,kclarke8r@un.org,Genderfluid,2 Acker Avenue
2/10/2020,Dinny,Padbury,dpadbury8s@fotki.com,Bigender,73513 Tomscot Circle
12/5/2020,Gail,Domsalla,gdomsalla8t@apache.org,Genderfluid,4019 Anderson Avenue
8/24/2020,Arturo,Dionisetti,adionisetti8u@bbc.co.uk,Agender,4829 Blackbird Trail
10/24/2020,Fiorenze,Lorroway,florroway8v@ihg.com,Polygender,52 Melby Crossing
9/5/2020,Patrice,Wackly,pwackly8w@scientificamerican.com,Female,9 Park Meadow Plaza
11/3/2020,Nonnah,Clapton,nclapton8x@people.com.cn,Genderfluid,500 Fieldstone Avenue
2/23/2020,Hope,Frowen,hfrowen8y@walmart.com,Polygender,3 Clove Plaza
4/29/2020,Cally,,,Agender,
12/24/2020,,Beagan,ebeagan90@vinaora.com,Female,7977 Maryland Terrace
1/9/2021,Sally,Snooks,ssnooks91@utexas.edu,Non-binary,23 Mesta Street
6/7/2020,Willie,Vasilchenko,wvasilchenko92@shutterfly.com,Female,493 Dayton Parkway
7/28/2020,,,,Male,
12/29/2020,Hendrick,,,Polygender,
2/8/2020,Natty,Duncan,nduncan95@gravatar.com,Genderqueer,95718 Birchwood Road
6/17/2020,Aristotle,,,Genderfluid,
12/15/2020,Terri,Python,tpython97@nature.com,Bigender,3451 Jackson Junction
3/13/2020,Gib,Case,gcase98@domainmarket.com,Bigender,04 Doe Crossing Alley
1/15/2021,Reilly,Tibald,rtibald99@chicagotribune.com,Agender,588 Grayhawk Circle
5/28/2020,Rickie,,,Genderqueer,
1/31/2020,Marty,,,Polygender,
2/16/2020,Read,Connealy,rconnealy9c@vistaprint.com,Female,7 Del Sol Crossing
7/16/2020,Vanny,Furlong,vfurlong9d@army.mil,Male,35 Buena Vista Pass
10/6/2020,Monti,Ezele,mezele9e@instagram.com,Bigender,7121 Reinke Park
7/17/2020,Kirsten,Jasik,kjasik9f@joomla.org,Genderfluid,20 Iowa Circle
6/30/2020,Gavrielle,Fardoe,gfardoe9g@ehow.com,Bigender,18 Fair Oaks Drive
10/13/2020,Enrica,Sloss,esloss9h@mtv.com,Male,297 Eggendart Alley
2/17/2020,Beau,Franzke,bfranzke9i@wikia.com,Polygender,7 Anhalt Circle
8/16/2020,Maximilianus,Senner,msenner9j@ftc.gov,Genderqueer,86489 Logan Road
12/31/2020,Helene,Trimnell,htrimnell9k@foxnews.com,Male,93649 Transport Crossing
10/13/2020,Babara,Whaites,bwhaites9l@mapy.cz,Polygender,13897 Brown Plaza
6/28/2020,Greta,,,Non-binary,
8/3/2020,Tomasina,Brennon,tbrennon9n@yellowpages.com,Genderqueer,2834 Veith Court
5/18/2020,Loleta,Castelijn,lcastelijn9o@prlog.org,Agender,15 Bartillon Junction
5/31/2020,Darcie,Iaduccelli,diaduccelli9p@howstuffworks.com,Polygender,53109 Oak Valley Junction
1/9/2020,Tanney,,,Genderfluid,
10/23/2020,Karleen,,,Non-binary,
5/5/2020,Hamil,Kliemchen,hkliemchen9s@seesaa.net,Genderfluid,756 Morrow Way
12/15/2020,Nani,Clynman,nclynman9t@mac.com,,71963 American Street
10/6/2020,Jackelyn,Bromidge,jbromidge9u@statcounter.com,Polygender,909 Summit Circle
1/20/2020,Hewitt,Landman,hlandman9v@list-manage.com,Bigender,86220 4th Lane
7/18/2020,Hasty,Davet,hdavet9w@mayoclinic.com,Female,9127 Golf Course Court
4/6/2020,Francoise,,,Non-binary,
7/11/2020,Gardy,Andrioni,gandrioni9y@cam.ac.uk,,66 Arizona Avenue
3/11/2020,Maxy,,,Female,
3/24/2020,Josefina,Case,jcasea0@techcrunch.com,Genderqueer,9207 Delaware Road
2/28/2020,Mellicent,Knutsen,mknutsena1@guardian.co.uk,Female,9 Michigan Road
12/13/2020,Gustaf,,,Genderfluid,
11/21/2020,Jenine,Leneve,jlenevea3@eventbrite.com,Genderqueer,9 Oneill Drive
8/14/2020,Maryanne,,,Bigender,
5/1/2020,Lelah,McPeeters,lmcpeetersa5@newyorker.com,Genderfluid,34 Bunker Hill Trail
9/15/2020,Clarette,Levy,clevya6@vistaprint.com,Non-binary,6790 Marquette Road
1/9/2021,Morlee,Ayton,maytona7@dropbox.com,Bigender,58 Waxwing Circle
11/22/2020,Charley,O'Crowley,cocrowleya8@buzzfeed.com,Genderqueer,3532 Upham Park
6/1/2020,Rosemaria,Scrowby,rscrowbya9@bloomberg.com,Genderqueer,1673 Center Trail
6/10/2020,Aila,,,Bigender,
12/27/2020,Cosette,,,Polygender,
11/10/2020,Sherie,Erridge,serridgeac@scientificamerican.com,Polygender,2406 Cardinal Crossing
3/26/2020,Bartram,Chastan,bchastanad@newyorker.com,,255 Johnson Crossing
8/8/2020,Sanderson,,,Agender,
8/11/2020,Marcelia,Ccomini,mccominiaf@redcross.org,Bigender,60 Daystar Way
2/26/2020,Archy,,,Bigender,
3/22/2020,Orlan,,,Agender,
1/27/2021,Worden,Witty,wwittyai@squidoo.com,Genderfluid,06781 Pankratz Plaza
8/25/2020,Sol,Esherwood,sesherwoodaj@yelp.com,Non-binary,466 Sunbrook Plaza
5/11/2020,Lenci,Wraggs,lwraggsak@behance.net,Non-binary,930 Lotheville Plaza
6/30/2020,Cosetta,Ivanisov,civanisoval@reddit.com,Genderqueer,1 Barnett Circle
12/2/2020,Judon,Dyte,jdyteam@mozilla.com,Polygender,1 Spohn Place
3/21/2020,Gustave,Thompstone,gthompstonean@ycombinator.com,Non-binary,95 Quincy Way
9/11/2020,Durante,Cretney,dcretneyao@shareasale.com,Genderfluid,0 Kenwood Plaza
5/16/2020,Emlen,Grayshan,egrayshanap@hp.com,Genderqueer,0 Bobwhite Drive
1/21/2020,Julio,,,Polygender,
10/4/2020,Egor,Treadway,etreadwayar@bloglines.com,Genderfluid,2714 Harbort Alley
12/14/2020,Francisca,Boustead,fbousteadas@seattletimes.com,Female,51 Meadow Ridge Plaza
10/20/2020,Angele,Angerstein,aangersteinat@sbwire.com,Agender,46887 Crescent Oaks Point
5/2/2020,Sharl,Greenhalgh,sgreenhalghau@ted.com,Genderfluid,1 Walton Terrace
1/11/2020,Cristi,,,Polygender,
12/29/2020,Elna,Stanway,estanwayaw@nhs.uk,Non-binary,804 Haas Road
8/21/2020,Van,Swindles,vswindlesax@fastcompany.com,Genderqueer,770 High Crossing Trail
9/6/2020,Tommie,,,Bigender,
3/9/2020,Thorstein,Pakenham,tpakenhamaz@pen.io,Agender,428 Holmberg Way
8/24/2020,Georgena,Braidford,gbraidfordb0@nsw.gov.au,Polygender,0454 Elka Parkway
10/18/2020,Lennie,Boniface,lbonifaceb1@wix.com,Bigender,85295 Aberg Road
3/4/2020,Fredi,,,Agender,
1/18/2021,Leighton,Gaynes,lgaynesb3@pen.io,Non-binary,943 Blue Bill Park Pass
11/25/2020,Levi,Sawl,lsawlb4@seattletimes.com,Bigender,30 Duke Circle
9/2/2020,Calley,Eilers,ceilersb5@mit.edu,Genderfluid,3 Hoepker Point
1/17/2020,Margaretta,Marple,mmarpleb6@posterous.com,Bigender,83509 Rockefeller Avenue
2/25/2020,Daile,Bonass,dbonassb7@gov.uk,Genderqueer,0 Jenna Circle
6/28/2020,Tracee,Sodeau,tsodeaub8@webs.com,,4 Katie Parkway
9/3/2020,Ivett,,,Genderfluid,
,Nero,Duffit,nduffitba@surveymonkey.com,,26415 Sauthoff Center
1/15/2021,,Stringer,cstringerbb@comcast.net,Agender,9 Fuller Alley
8/18/2020,Pamela,Perkin,pperkinbc@sun.com,Male,878 Michigan Circle
2/10/2020,Analise,Tixier,atixierbd@odnoklassniki.ru,Genderqueer,17 Muir Way
,Rafaelita,Lightoller,rlightollerbe@addtoany.com,Genderfluid,2141 Nancy Circle
1/17/2021,Lowell,Hodcroft,lhodcroftbf@europa.eu,Male,8 Lunder Parkway
1/13/2021,Karlan,,,Female,
1/8/2020,Erek,Caff,ecaffbh@sun.com,Genderqueer,78313 Fallview Drive
9/2/2020,Zaria,Merchant,zmerchantbi@symantec.com,Male,06 Meadow Valley Plaza
,Kirby,Jewes,kjewesbj@trellian.com,Non-binary,0075 Roth Hill
4/22/2020,Steffie,,,Male,
,,Babst,pbabstbl@homestead.com,Polygender,8 Melvin Court
2/20/2020,Dennet,Murricanes,dmurricanesbm@paypal.com,Bigender,8 Charing Cross Park
2/26/2020,Winnah,Ciccetti,wciccettibn@yellowbook.com,Genderqueer,8542 Truax Way
,Astrix,Dumphry,adumphrybo@oaic.gov.au,Female,364 Banding Court
7/3/2020,Clarice,Fleay,cfleaybp@mozilla.org,Polygender,54 Bonner Park
9/22/2020,Rita,,,Genderfluid,
6/6/2020,Benni,,,Non-binary,
7/7/2020,Alla,Sclater,asclaterbs@cbslocal.com,Bigender,632 Corben Park
5/7/2020,Taddeo,,,Female,
8/7/2020,Merralee,,,Male,
7/31/2020,Ema,Lowth,elowthbv@redcross.org,Genderfluid,7 Fuller Terrace
11/7/2020,Ingram,China,ichinabw@google.com,Genderfluid,881 Trailsway Center
9/7/2020,Hebert,Tee,hteebx@illinois.edu,,5 8th Way
11/26/2020,Jabez,Disbury,jdisburyby@blogtalkradio.com,Agender,48759 Stoughton Trail
7/20/2020,Logan,,,Male,
7/1/2020,Carole,Arter,carterc0@istockphoto.com,Genderfluid,57066 Fisk Park
2/24/2020,Stavro,Skillman,sskillmanc1@howstuffworks.com,Bigender,0 Manley Plaza
4/13/2020,Wally,Eathorne,weathornec2@squidoo.com,Genderfluid,1221 Doe Crossing Park
5/7/2020,Liuka,Maud,lmaudc3@telegraph.co.uk,Genderqueer,506 Park Meadow Point
9/26/2020,Raynor,Fairburn,rfairburnc4@google.com,,912 Bay Pass
7/4/2020,Mile,Sunderland,msunderlandc5@jiathis.com,Non-binary,3 Village Circle
9/5/2020,Horst,Tarplee,htarpleec6@github.com,Non-binary,1 Glendale Court
2/27/2020,Jacky,,,Genderfluid,
1/7/2021,Kordula,Blampied,kblampiedc8@linkedin.com,,45 Scott Circle
3/17/2020,Berti,,,Genderfluid,
1/24/2021,Holly,,,Male,
7/1/2020,Mercedes,,,Genderqueer,
12/22/2020,Mac,Housecraft,mhousecraftcc@umich.edu,Bigender,7 Talisman Circle
1/23/2020,Gerrie,Fetteplace,gfetteplacecd@livejournal.com,Agender,0084 Sullivan Drive
4/7/2020,Sven,,,Genderqueer,
3/5/2020,Genni,Drance,gdrancecf@noaa.gov,Agender,8 Gerald Circle
9/1/2020,Joannes,,,Genderfluid,
7/3/2020,Matthaeus,Domsalla,mdomsallach@netlog.com,Non-binary,4116 Shoshone Drive
12/4/2020,Niles,Brimmicombe,nbrimmicombeci@surveymonkey.com,Male,16533 Nevada Circle
1/1/2021,,Estable,jestablecj@nbcnews.com,Female,9 Corscot Junction
9/18/2020,Tommie,Paty,tpatyck@so-net.ne.jp,Female,07119 Mayfield Point
2/7/2020,Erinn,Rottery,erotterycl@washington.edu,Male,83559 Moulton Court
4/14/2020,Tawsha,Mollene,tmollenecm@disqus.com,Genderfluid,5 Luster Alley
2/27/2020,Kelsy,Grosier,kgrosiercn@sfgate.com,Female,66530 Blue Bill Park Lane
1/6/2020,Ursa,Jurisic,ujurisicco@sina.com.cn,Polygender,8506 Novick Avenue
6/28/2020,Demetra,Middlemiss,dmiddlemisscp@theguardian.com,Bigender,085 Sunbrook Park
2/29/2020,Barney,Gerring,bgerringcq@issuu.com,,03 Northport Center
10/4/2020,Sherline,Vaudin,svaudincr@alibaba.com,Agender,73786 Forest Dale Plaza
8/17/2020,Randee,Burriss,rburrisscs@google.com,Bigender,3 Graceland Junction
3/7/2020,Adelina,Pothbury,apothburyct@ycombinator.com,Agender,107 Corry Hill
4/29/2020,Zechariah,Ferrillo,zferrillocu@forbes.com,Agender,978 Ilene Circle
7/8/2020,Bunnie,Syson,bsysoncv@go.com,Non-binary,251 Anthes Trail
6/7/2020,Michele,Taree,mtareecw@devhub.com,,1623 Graceland Trail
12/23/2020,Lindie,Metterick,lmetterickcx@vkontakte.ru,Bigender,6683 Anzinger Circle
8/13/2020,Bard,Aneley,baneleycy@dailymotion.com,Agender,28250 Columbus Terrace
1/4/2021,Evelin,Bertelsen,ebertelsencz@nydailynews.com,Genderfluid,67 Tennyson Avenue
1/1/2021,Gaylene,Lapre,glapred0@utexas.edu,Bigender,132 Reinke Drive
,Robert,Spall,rspalld1@hubpages.com,Polygender,84 Red Cloud Court
7/31/2020,Audrie,Ditty,adittyd2@nba.com,,238 Pepper Wood Place
2/4/2020,Karina,Kupke,kkupked3@google.fr,Genderfluid,2 Green Ridge Circle
3/5/2020,Kriste,Broadfoot,kbroadfootd4@123-reg.co.uk,,7 Maywood Place
3/24/2020,Callean,Quainton,cquaintond5@woothemes.com,Non-binary,65 Southridge Circle
8/25/2020,Ellen,Ketchaside,eketchasided6@upenn.edu,Non-binary,643 Luster Drive
7/23/2020,Stewart,Beardsdale,sbeardsdaled7@altervista.org,Male,90086 Prentice Center
11/5/2020,Donny,Guiel,dguield8@furl.net,Genderfluid,8829 Forest Dale Place
1/13/2020,Robinson,Vickar,rvickard9@go.com,Genderqueer,39 Cottonwood Pass
1/11/2021,Rollie,,,Male,
12/4/2020,Tucker,Posnette,tposnettedb@hc360.com,Genderqueer,38240 Fordem Court
,Harrie,Limbourne,hlimbournedc@sun.com,Male,15119 Summit Lane
7/16/2020,Silvana,Vanelli,svanellidd@google.ru,Male,24 Eastlawn Pass
7/15/2020,Cassaundra,Shingler,cshinglerde@liveinternet.ru,Female,2 Tennyson Crossing
4/5/2020,Griffith,Gutowski,ggutowskidf@salon.com,Agender,29412 Oakridge Place
5/8/2020,Halley,Avon,havondg@wikispaces.com,Male,52008 Little Fleur Drive
6/7/2020,Elroy,Skally,eskallydh@un.org,Genderqueer,337 Red Cloud Crossing
11/30/2020,Boyd,Handforth,bhandforthdi@loc.gov,Non-binary,63 Anniversary Way
1/22/2021,Philbert,,,Female,
8/24/2020,Meredeth,Sallowaye,msallowayedk@youku.com,Genderqueer,81 Continental Lane
6/23/2020,Clem,Hunnam,chunnamdl@bing.com,Polygender,2 Northfield Court
1/19/2021,Ody,Leavey,oleaveydm@addtoany.com,Non-binary,10030 Oak Valley Point
6/17/2020,Ivy,Ledgeway,iledgewaydn@github.com,Bigender,6107 Union Place
1/10/2020,Lyell,Gregoletti,lgregolettido@google.co.uk,Polygender,4069 Petterle Park
2/23/2020,Rozanne,Phaup,rphaupdp@yahoo.co.jp,Non-binary,48202 Manufacturers Road
4/4/2020,Allegra,,,Polygender,
6/14/2020,Marion,Cursons,mcursonsdr@independent.co.uk,Non-binary,522 Sugar Street
4/21/2020,Tedmund,Rigg,triggds@wp.com,,7314 Southridge Court
3/29/2020,Malissia,Welsh,mwelshdt@mail.ru,,1946 School Terrace
1/23/2020,Evey,Pau,epaudu@nsw.gov.au,Non-binary,7047 Granby Park
1/3/2021,Arabella,Tarbox,atarboxdv@1688.com,Polygender,23 Sunbrook Pass
